type,symbol,name
INDIAN_STOCK,RELIANCE.BSE,Reliance Industries
INDIAN_STOCK,TCS.BSE,Tata Consultancy Services
INDIAN_STOCK,INFY.BSE,Infosys
INDIAN_STOCK,HDFCBANK.BSE,HDFC Bank
INDIAN_STOCK,ICICIBANK.BSE,ICICI Bank
INDIAN_STOCK,SBIN.BSE,State Bank of India
INDIAN_STOCK,KOTAKBANK.BSE,Kotak Mahindra Bank
INDIAN_STOCK,AXISBANK.BSE,Axis Bank
INDIAN_STOCK,BAJFINANCE.BSE,Bajaj Finance
INDIAN_STOCK,HDFCLIFE.BSE,HDFC Life Insurance
INDIAN_STOCK,SBILIFE.BSE,SBI Life Insurance
INDIAN_STOCK,WIPRO.BSE,Wipro
INDIAN_STOCK,TECHM.BSE,Tech Mahindra
INDIAN_STOCK,HCLTECH.BSE,HCL Technologies
INDIAN_STOCK,LTI.BSE,LTI Mindtree
INDIAN_STOCK,MARUTI.BSE,Maruti Suzuki
INDIAN_STOCK,TATAMOTORS.BSE,Tata Motors
INDIAN_STOCK,M&M.BSE,Mahindra & Mahindra
INDIAN_STOCK,BAJAJ-AUTO.BSE,Bajaj Auto
INDIAN_STOCK,EICHERMOT.BSE,Eicher Motors
INDIAN_STOCK,NTPC.BSE,NTPC
INDIAN_STOCK,POWERGRID.BSE,Power Grid Corporation
INDIAN_STOCK,ONGC.BSE,Oil and Natural Gas Corporation
INDIAN_STOCK,BPCL.BSE,Bharat Petroleum
INDIAN_STOCK,IOC.BSE,Indian Oil Corporation
INDIAN_STOCK,SUNPHARMA.BSE,Sun Pharmaceutical
INDIAN_STOCK,DRREDDY.BSE,Dr. Reddy's Laboratories
INDIAN_STOCK,CIPLA.BSE,Cipla
INDIAN_STOCK,DIVISLAB.BSE,Divi's Laboratories
INDIAN_STOCK,APOLLOHOSP.BSE,Apollo Hospitals
INDIAN_STOCK,HINDUNILVR.BSE,Hindustan Unilever
INDIAN_STOCK,ITC.BSE,ITC
INDIAN_STOCK,NESTLEIND.BSE,Nestle India
INDIAN_STOCK,BRITANNIA.BSE,Britannia Industries
INDIAN_STOCK,DABUR.BSE,Dabur India
INDIAN_STOCK,TATASTEEL.BSE,Tata Steel
INDIAN_STOCK,HINDALCO.BSE,Hindalco Industries
INDIAN_STOCK,JSWSTEEL.BSE,JSW Steel
INDIAN_STOCK,COALINDIA.BSE,Coal India
INDIAN_STOCK,LT.BSE,Larsen & Toubro
INDIAN_STOCK,ULTRACEMCO.BSE,UltraTech Cement
INDIAN_STOCK,ADANIPORTS.BSE,Adani Ports
INDIAN_STOCK,BHARTIARTL.BSE,Bharti Airtel
INDIAN_STOCK,NIFTY50.NSE,Nifty 50 Index
INDIAN_STOCK,SENSEX.BSE,BSE Sensex Index
CRYPTO,BTC,Bitcoin
CRYPTO,ETH,Ethereum
CRYPTO,USDT,Tether
CRYPTO,BNB,Binance Coin
CRYPTO,USDC,USD Coin
CRYPTO,XRP,Ripple
CRYPTO,ADA,Cardano
CRYPTO,DOGE,Dogecoin
CRYPTO,SOL,Solana
CRYPTO,TRX,TRON
CRYPTO,DOT,Polkadot
CRYPTO,MATIC,Polygon
CRYPTO,LTC,Litecoin
CRYPTO,SHIB,Shiba Inu
CRYPTO,AVAX,Avalanche
CRYPTO,DAI,Dai
CRYPTO,WBTC,Wrapped Bitcoin
CRYPTO,UNI,Uniswap
CRYPTO,LINK,Chainlink
CRYPTO,ATOM,Cosmos
CRYPTO,XLM,Stellar
CRYPTO,XMR,Monero
CRYPTO,BCH,Bitcoin Cash
CRYPTO,ETC,Ethereum Classic
CRYPTO,ALGO,Algorand
CRYPTO,VET,VeChain
CRYPTO,FIL,Filecoin
CRYPTO,ICP,Internet Computer
CRYPTO,APT,Aptos
CRYPTO,HBAR,Hedera
CRYPTO,NEAR,NEAR Protocol
CRYPTO,ARB,Arbitrum
CRYPTO,OP,Optimism
CRYPTO,MKR,Maker
CRYPTO,AAVE,Aave
CRYPTO,GRT,The Graph
CRYPTO,SNX,Synthetix
CRYPTO,CRV,Curve DAO Token
CRYPTO,SAND,The Sandbox
CRYPTO,MANA,Decentraland
FOREX,USD/EUR,USD to EUR
FOREX,USD/GBP,USD to GBP
FOREX,USD/INR,USD to INR
FOREX,USD/JPY,USD to JPY
FOREX,USD/AUD,USD to AUD
FOREX,USD/CAD,USD to CAD
FOREX,USD/CHF,USD to CHF
FOREX,USD/NZD,USD to NZD
FOREX,USD/SGD,USD to SGD
FOREX,USD/HKD,USD to HKD
FOREX,EUR/USD,EUR to USD
FOREX,EUR/GBP,EUR to GBP
FOREX,EUR/INR,EUR to INR
FOREX,EUR/JPY,EUR to JPY
FOREX,EUR/AUD,EUR to AUD
FOREX,EUR/CAD,EUR to CAD
FOREX,EUR/CHF,EUR to CHF
FOREX,EUR/NZD,EUR to NZD
FOREX,EUR/SGD,EUR to SGD
FOREX,EUR/HKD,EUR to HKD
FOREX,GBP/USD,GBP to USD
FOREX,GBP/EUR,GBP to EUR
FOREX,GBP/INR,GBP to INR
FOREX,GBP/JPY,GBP to JPY
FOREX,GBP/AUD,GBP to AUD
FOREX,GBP/CAD,GBP to CAD
FOREX,GBP/CHF,GBP to CHF
FOREX,GBP/NZD,GBP to NZD
FOREX,GBP/SGD,GBP to SGD
FOREX,GBP/HKD,GBP to HKD
FOREX,INR/USD,INR to USD
FOREX,INR/EUR,INR to EUR
FOREX,INR/GBP,INR to GBP
FOREX,INR/JPY,INR to JPY
FOREX,INR/AUD,INR to AUD
FOREX,INR/CAD,INR to CAD
FOREX,INR/CHF,INR to CHF
FOREX,INR/NZD,INR to NZD
FOREX,INR/SGD,INR to SGD
FOREX,INR/HKD,INR to HKD
FOREX,JPY/USD,JPY to USD
FOREX,JPY/EUR,JPY to EUR
FOREX,JPY/GBP,JPY to GBP
FOREX,JPY/INR,JPY to INR
FOREX,JPY/AUD,JPY to AUD
FOREX,JPY/CAD,JPY to CAD
FOREX,JPY/CHF,JPY to CHF
FOREX,JPY/NZD,JPY to NZD
FOREX,JPY/SGD,JPY to SGD
FOREX,JPY/HKD,JPY to HKD
FOREX,AUD/USD,AUD to USD
FOREX,AUD/EUR,AUD to EUR
FOREX,AUD/GBP,AUD to GBP
FOREX,AUD/INR,AUD to INR
FOREX,AUD/JPY,AUD to JPY
FOREX,AUD/CAD,AUD to CAD
FOREX,AUD/CHF,AUD to CHF
FOREX,AUD/NZD,AUD to NZD
FOREX,AUD/SGD,AUD to SGD
FOREX,AUD/HKD,AUD to HKD
FOREX,CAD/USD,CAD to USD
FOREX,CAD/EUR,CAD to EUR
FOREX,CAD/GBP,CAD to GBP
FOREX,CAD/INR,CAD to INR
FOREX,CAD/JPY,CAD to JPY
FOREX,CAD/AUD,CAD to AUD
FOREX,CAD/CHF,CAD to CHF
FOREX,CAD/NZD,CAD to NZD
FOREX,CAD/SGD,CAD to SGD
FOREX,CAD/HKD,CAD to HKD
FOREX,CHF/USD,CHF to USD
FOREX,CHF/EUR,CHF to EUR
FOREX,CHF/GBP,CHF to GBP
FOREX,CHF/INR,CHF to INR
FOREX,CHF/JPY,CHF to JPY
FOREX,CHF/AUD,CHF to AUD
FOREX,CHF/CAD,CHF to CAD
FOREX,CHF/NZD,CHF to NZD
FOREX,CHF/SGD,CHF to SGD
FOREX,CHF/HKD,CHF to HKD
FOREX,NZD/USD,NZD to USD
FOREX,NZD/EUR,NZD to EUR
FOREX,NZD/GBP,NZD to GBP
FOREX,NZD/INR,NZD to INR
FOREX,NZD/JPY,NZD to JPY
FOREX,NZD/AUD,NZD to AUD
FOREX,NZD/CAD,NZD to CAD
FOREX,NZD/CHF,NZD to CHF
FOREX,NZD/SGD,NZD to SGD
FOREX,NZD/HKD,NZD to HKD
FOREX,SGD/USD,SGD to USD
FOREX,SGD/EUR,SGD to EUR
FOREX,SGD/GBP,SGD to GBP
FOREX,SGD/INR,SGD to INR
FOREX,SGD/JPY,SGD to JPY
FOREX,SGD/AUD,SGD to AUD
FOREX,SGD/CAD,SGD to CAD
FOREX,SGD/CHF,SGD to CHF
FOREX,SGD/NZD,SGD to NZD
FOREX,SGD/HKD,SGD to HKD
FOREX,HKD/USD,HKD to USD
FOREX,HKD/EUR,HKD to EUR
FOREX,HKD/GBP,HKD to GBP
FOREX,HKD/INR,HKD to INR
FOREX,HKD/JPY,HKD to JPY
FOREX,HKD/AUD,HKD to AUD
FOREX,HKD/CAD,HKD to CAD
FOREX,HKD/CHF,HKD to CHF
FOREX,HKD/NZD,HKD to NZD
FOREX,HKD/SGD,HKD to SGD
